X,Y,CALLE,ALT PLANO,DIRECCION,coord_X,coord_Y,COMUNA,BARRIO,L1,l1_sen,L2,l2_sen,L3,l3_sen,L4,l4_sen,L5,l5_sen,L6,l6_sen,NOMBRE PAR
-58.4760074,-34.5391323,CABILDO AV.,"5000",5000 CABILDO AV.,"-58,4760074","-34,53913230","12",SAAVEDRA,"19",V,"130",V,,,,,,,,,PUENTE SAAVEDRA
-58.4760952,-34.5389417,CABILDO AV.,"5070",5070 CABILDO AV.,"-58,4760952","-34,53894170","12",SAAVEDRA,"59",V,"71",,"151",,"152",V,,,,,PUENTE SAAVEDRA
-58.4758293,-34.5390321,CABILDO AV.,"5000",5000 CABILDO AVE,"-58,4758293","-34,53903210","12",SAAVEDRA,"59",V,"184",V,,,,,,,,,PUENTE SAAVEDRA
-58.4753583,-34.5397638,CABILDO AV.,"4994",4994 CABILDO AV.,"-58,4753583","-34,53976380","12",SAAVEDRA,"68",V,"133",V,,,,,,,,,GRAL PAZ
-58.4752184,-34.5396533,CABILDO AV.,"4995",4995 CABILDO AV.,"-58,4752184","-34,53965330","12",SAAVEDRA,"21",I,"60",I,"168",,,,,,,,PUENTE SAAVEDRA
-58.4753779,-34.5394398,CABILDO AV.,"4995",4995 CABILDO AV.,"-58,4753779","-34,53943980","12",SAAVEDRA,"19",I,"71",,"161",,,,,,,,PUENTE SAAVEDRA
-58.4756879,-34.5389588,CABILDO AV.,"4999",4999 CABILDO AVE,"-58,4756879","-34,53895880","13",NUÑEZ,"59",I,"184",I,,,,,,,,,PUENTE SAAVEDRA
-58.47584,-34.5387075,CABILDO AV.,"5091",5000 CABILDO AVE,"-58,47584","-34,53870750","13",NUÑEZ,"130",I,"152",I,,,,,,,,,PUENTE SAAVEDRA
-58.474261,-34.5410238,CABILDO AV.,"4760",4760 CABILDO AV.,"-58,474261","-34,54102380","12",SAAVEDRA,"133",V,"184",V,,,,,,,,,PICO
-58.4736736,-34.5417732,CABILDO AV.,"4660",4660 CABILDO AV.,"-58,4736736","-34,54177320","12",SAAVEDRA,"68",V,"152",V,,,,,,,,,DEHEZA
-58.4719393,-34.5441514,CABILDO AV.,"4360",4360 CABILDO AV.,"-58,4719393","-34,54415140","12",SAAVEDRA,"133",V,"184",V,,,,,,,,,CORREA
-58.4707748,-34.545462,CABILDO AV.,"4189",4189 CABILDO AV.,"-58,4707748","-34,54546200","13",NUÑEZ,"168",I,"184",I,,,,,,,,,BESARES
-58.4692464,-34.5478402,CABILDO AV.,"3850",3850 CABILDO AV.,"-58,4692464","-34,54784020","12",SAAVEDRA,"68",,"133",V,"152",V,,,,,,,MANZANARES
-58.4681995,-34.5487015,CABILDO AV.,"3723",3723 CABILDO AV.,"-58,4681995","-34,54870150","13",NUÑEZ,"57",I,"194",I,,,,,,,,,CRISOLOGO LARRALDE
-58.4671615,-34.5504579,CABILDO AV.,"3554",3554 CABILDO AV.,"-58,4671615","-34,55045790","13",NUÑEZ,"133",V,"184",V,,,,,,,,,JUANA AZURDUY
-58.46694,-34.55073,CABILDO AV.,"3514",3514 CABILDO AV.,"-58,46694","-34,55073000","13",NUÑEZ,"161",V,"168",V,,,,,,,,,JUANA AZURDUY
-58.4666036,-34.55115,CABILDO AV.,"3470",3470 CABILDO AV.,"-58,4666036","-34,55115000","13",NUÑEZ,"68",V,"152",V,,,,,,,,,MANUELA PEDRAZA
-58.4663039,-34.55153,CABILDO AV.,"3432",3432 CABILDO AV.,"-58,4663039","-34,55153000","13",NUÑEZ,"59",V,"60",V,,,,,,,,,MANUELA PEDRAZA
-58.4643811,-34.55387,CABILDO AV.,"3070",3070 CABILDO AV.,"-58,4643811","-34,55387000","13",NUÑEZ,"29",V,"57",V,"194",,,,,,,,QUESADA
-58.463957,-34.55429,CABILDO AV.,"3030",3030 CABILDO AV.,"-58,463957","-34,55429000","13",NUÑEZ,"133",V,"168",V,"184",V,,,,,,,QUESADA
-58.4633255,-34.55493,CABILDO AV.,"2978",2978 CABILDO AV.,"-58,4633255","-34,55493000","13",NUÑEZ,"68",,"152",V,"161",V,,,,,,,CONGRESO
-58.4629759,-34.55527,CABILDO AV.,"2940",2940 CABILDO AV.,"-58,4629759","-34,55527000","13",NUÑEZ,"59",V,"60",V,,,,,,,,,CONGRESO
-58.4631187,-34.55467,CABILDO AV.,"2995",2995 CABILDO AV.,"-58,4631187","-34,55467000","13",NUÑEZ,"29",I,"60",I,,,,,,,,,CONGRESO
-58.4106392,-34.6339519,CHICLANA AV.,"3271",3271 CHICLANA AV.,"-58,4106392","-34,63395190","4",PARQUE PATRICIOS,"143",I,,,,,,,,,,,SANCHEZ DE LORIA
-58.4068037,-34.6307032,CHICLANA AV.,"3021",3021 CHICLANA AV.,"-58,4068037","-34,63070320","4",PARQUE PATRICIOS,"143",I,,,,,,,,,,,LA RIOJA
-58.4064342,-34.63391,BRASIL,"3020",3020 BRASIL,"-58,4064342","-34,63391000","4",PARQUE PATRICIOS,"6",V,"97",,"143",V,,,,,,,LA RIOJA
-58.3932219,-34.62986,BRASIL,"2000",2000 BRASIL,"-58,3932219","-34,62986000","4",PARQUE PATRICIOS,"6",V,"97",,"143",V,,,,,,,ENTRE RIOS
-58.4009006,-34.6317651,BRASIL,"2638",2638 BRASIL,"-58,4009006","-34,63176510","4",PARQUE PATRICIOS,"97",,"6",V,"143",V,,,,,,,JUJUY
-58.3703431,-34.606309,LEANDRO N. ALEM AV.,"126","126 ALEM, LEANDRO N. AV.","-58,3703431","-34,60630900","1",SAN NICOLAS,"126",I,,,,,,,,,,,
-58.3964462,-34.6279973,JUAN DE GARAY AV.,"2283","2283 GARAY, JUAN DE AV.","-58,3964462","-34,62799730","3",SAN CRISTOBAL,"143",I,,,,,,,,,,,PICHINCHA
-58.4006175,-34.6285938,JUAN DE GARAY AV.,"2549","2400 GARAY, JUAN DE AV.","-58,4006175","-34,62859380","3",SAN CRISTOBAL,"4",V,"143",I,,,,,,,,,JUJUY
-58.3812416,-34.60822,CARLOS PELLEGRINI,"34","34 PELLEGRINI, CARLOS","-58,3812416","-34,60822000","1",SAN NICOLAS,"10",I,"17",I,,,,,,,,,MITRE
-58.3813051,-34.6075675,CARLOS PELLEGRINI,"52","52 PELLEGRINI, CARLOS","-58,3813051","-34,60756750","1",SAN NICOLAS,"59",I,,,,,,,,,,,MITRE
-58.3813201,-34.60706,CARLOS PELLEGRINI,"134","134 PELLEGRINI, CARLOS","-58,3813201","-34,60706000","1",SAN NICOLAS,"45",V,"70",I,,,,,,,,,PERON
-58.3813776,-34.6063572,CARLOS PELLEGRINI,"174","174 PELLEGRINI, CARLOS","-58,3813776","-34,60635720","1",SAN NICOLAS,"100",,"39",V,,,,,,,,,PERON
-58.3813872,-34.6057,CARLOS PELLEGRINI,"214","214 PELLEGRINI, CARLOS","-58,3813872","-34,60570000","1",SAN NICOLAS,"9",I,"67",V,,,,,,,,,OBELSCO SUR
-58.3814211,-34.60527,CARLOS PELLEGRINI,"251","251 PELLEGRINI, CARLOS","-58,3814211","-34,60527000","1",SAN NICOLAS,"129",,,,,,,,,,,,OBELSCO SUR
-58.3815806,-34.6022988,CARLOS PELLEGRINI,"530","530 PELLEGRINI, CARLOS","-58,3815806","-34,60229880","1",SAN NICOLAS,"17",I,"100",,,,,,,,,,OBELISCO NORTE
-58.3815878,-34.6017534,CARLOS PELLEGRINI,"570","570 PELLEGRINI, CARLOS","-58,3815878","-34,60175340","1",SAN NICOLAS,"59",,,,,,,,,,,,OBELISCO NORTE
-58.3816184,-34.6011065,CARLOS PELLEGRINI,"640","640 PELLEGRINI, CARLOS","-58,3816184","-34,60110650","1",SAN NICOLAS,"45",,"70",,,,,,,,,,TEATRO COLON
-58.3816713,-34.6005385,CARLOS PELLEGRINI,"645","645 PELLEGRINI, CARLOS","-58,3816713","-34,60053850","1",SAN NICOLAS,"10",,"39",V,,,,,,,,,TEATRO COLON
-58.3816753,-34.5999471,CARLOS PELLEGRINI,"744","744 PELLEGRINI, CARLOS","-58,3816753","-34,59994710","1",SAN NICOLAS,"9",I,,,,,,,,,,,CORDOBA
-58.381696,-34.5995237,CARLOS PELLEGRINI,"737","737 PELLEGRINI, CARLOS","-58,381696","-34,59952370","1",SAN NICOLAS,"67",V,,,,,,,,,,,CORDOBA
-58.3817786,-34.5987484,CARLOS PELLEGRINI,"833","833 PELLEGRINI, CARLOS","-58,3817786","-34,59874840","1",RETIRO,"17",I,"10",I,,,,,,,,,PARAGUAY
-58.3818096,-34.5982227,CARLOS PELLEGRINI,"840","840 PELLEGRINI, CARLOS","-58,3818096","-34,59822270","1",RETIRO,"59",,,,,,,,,,,,PARAGUAY
-58.3819003,-34.5970103,CARLOS PELLEGRINI,"984","984 PELLEGRINI, CARLOS","-58,3819003","-34,59701030","1",RETIRO,"129",,,,,,,,,,,,MARCELO T DE ALVEAR
-58.3819846,-34.5964015,CARLOS PELLEGRINI,"1018","1018 PELLEGRINI, CARLOS","-58,3819846","-34,59640150","1",RETIRO,"100",,"39",V,,,,,,,,,SANTA FE
-58.3820415,-34.5958869,CARLOS PELLEGRINI,"1055","1055 PELLEGRINI, CARLOS","-58,3820415","-34,59588690","1",RETIRO,"67",V,"70",,,,,,,,,,SANTA FE
-58.3822446,-34.5959071,CERRITO,"1051",1051 CERRITO,"-58,3822446","-34,59590710","1",RETIRO,"67",I,"70",,,,,,,,,,SANTA FE
-58.3821772,-34.5964246,CERRITO,"1021",1021 CERRITO,"-58,3821772","-34,59642460","1",RETIRO,"100",,,,,,,,,,,,SANTA FE
-58.3821066,-34.5970609,CERRITO,"933",933 CERRITO,"-58,3821066","-34,59706090","1",RETIRO,"129",,,,,,,,,,,,MARCELO T DE ALVEAR
-58.3820285,-34.5982443,CERRITO,"851",851 CERRITO,"-58,3820285","-34,59824430","1",RETIRO,"10",V,"17",V,,,,,,,,,PARAGUAY
-58.3819708,-34.59878,CERRITO,"841",841 CERRITO,"-58,3819708","-34,59878000","1",RETIRO,"59",,,,,,,,,,,,PARAGUAY
-58.3819634,-34.5995285,CERRITO,"741",741 CERRITO,"-58,3819634","-34,59952850","1",SAN NICOLAS,"9",V,,,,,,,,,,,CORDOBA
-58.3819012,-34.5999559,CERRITO,"737",737 CERRITO,"-58,3819012","-34,59995590","1",SAN NICOLAS,"67",I,,,,,,,,,,,CORDOBA
-58.3819139,-34.6005305,CERRITO,"657",657 CERRITO,"-58,3819139","-34,60053050","1",SAN NICOLAS,"45",,"70",,,,,,,,,,TEATRO COLON
-58.3818841,-34.6011023,CERRITO,"637",637 CERRITO,"-58,3818841","-34,60110230","1",SAN NICOLAS,"10",,"39",I,,,,,,,,,TEATRO COLON
-58.3818412,-34.6017411,CERRITO,"545",545 CERRITO,"-58,3818412","-34,60174110","1",SAN NICOLAS,"17",V,"100",,,,,,,,,,OBELISCO NORTE
-58.3818011,-34.60231,CERRITO,"525",525 CERRITO,"-58,3818011","-34,60231000","1",SAN NICOLAS,"59",,,,,,,,,,,,OBELISCO NORTE
-58.3816672,-34.6052752,CERRITO,"241",241 CERRITO,"-58,3816672","-34,60527520","1",SAN NICOLAS,"129",,,,,,,,,,,,OBELSCO SUR
-58.3815716,-34.6063595,CERRITO,"151",151 CERRITO,"-58,3815716","-34,60635950","1",SAN NICOLAS,"45",,"70",,,,,,,,,,PERON
-58.3815168,-34.60758,CERRITO,"71",71 CERRITO,"-58,3815168","-34,60758000","1",SAN NICOLAS,"10",V,"17",V,,,,,,,,,MITRE
-58.5157464,-34.59034,SAN MARTIN AV.,"7210",7210 SAN MARTIN AV.,"-58,5157464","-34,59034000","11",VILLA DEVOTO,"57",V,"78",I,"87",V,"123",,"176",,,,LADINES
-58.5149171,-34.59043,SAN MARTIN AV.,"7181",7181 SAN MARTIN AV.,"-58,5149171","-34,59043000","11",VILLA DEVOTO,"57",I,"78",I,"87",I,"123",,"176",,,,LADINES
-58.5116199,-34.59158,SAN MARTIN AV.,"6930",6930 SAN MARTIN AV.,"-58,5116199","-34,59158000","11",VILLA DEVOTO,"57",V,"78",,"123",,"176",,,,,,MOSCONI
-58.5105751,-34.59173,SAN MARTIN AV.,"6885",6885 SAN MARTIN AV.,"-58,5105751","-34,59173000","11",VILLA DEVOTO,"57",I,"78",I,"87",I,"123",,"176",,,,MOSCONI
-58.5077002,-34.59299,SAN MARTIN AV.,"6604",6604 SAN MARTIN AV.,"-58,5077002","-34,59299000","11",VILLA DEVOTO,"57",V,"78",V,,,,,,,,,CUBAS
-58.5070209,-34.59304,SAN MARTIN AV.,"6593",6593 SAN MARTIN AV.,"-58,5070209","-34,59304000","11",VILLA DEVOTO,"78",I,"123",I,"57",I,"176",,,,,,CUBAS
-58.5000085,-34.59588,SAN MARTIN AV.,"5910",5910 SAN MARTIN AV.,"-58,5000085","-34,59588000","11",VILLA DEVOTO,"57",V,"78",I,"105",,,,,,,,SOLANO LOPEZ
-58.5195367,-34.6336907,JUAN B. JUSTO AV.,"9200","9200 JUSTO, JUAN B. AV.","-58,5195367","-34,63369070","9",LINIERS,"34",V,"99",I,"166",V,"172",V,,,,,VELEZ SARFIELD
-58.5141271,-34.63339,JUAN B. JUSTO AV.,"8900","8900 JUSTO, JUAN B. AV.","-58,5141271","-34,63339000","9",LINIERS,"34",V,"99",I,"166",V,"172",V,,,,,POLIDEPORTIVO VELEZ SARFIELD
-58.5013452,-34.6323836,JUAN B. JUSTO AV.,"8036","8036 JUSTO, JUAN B. AV.","-58,5013452","-34,63238360","10",VILLA LURO,"172",V,"99",I,,,,,,,,,AV. LOPE DE VEGA
-58.4950096,-34.62978,JUAN B. JUSTO AV.,"7500","7500 JUSTO, JUAN B. AV.","-58,4950096","-34,62978000","10",VELEZ SARFIELD,"34",,"99",I,"166",V,"172",V,,,,,CARRASCO
-58.4913141,-34.6273,JUAN B. JUSTO AV.,"7132","7132 JUSTO, JUAN B. AV.","-58,4913141","-34,62730000","10",VELEZ SARFIELD,"34",V,"166",V,,,,,,,,,AV. SEGUROLA
-58.4860836,-34.62532,JUAN B. JUSTO AV.,"6718","6718 JUSTO, JUAN B. AV.","-58,4860836","-34,62532000","10",FLORESTA,"34",V,"166",V,,,,,,,,,CHIVILCOY
-58.5004834,-34.6319446,JUAN B. JUSTO AV.,"7959","7959 JUSTO, JUAN B. AV.","-58,5004834","-34,63194460","10",VELEZ SARFIELD,"34",I,"166",I,,,,,,,,,AV. LOPE DE VEGA
-58.5062745,-34.6342197,JUAN B. JUSTO AV.,"8395","8395 JUSTO, JUAN B. AV.","-58,5062745","-34,63421970","10",VILLA LURO,"34",I,"99",V,"166",I,"172",I,,,,,CORTINA
-58.5133912,-34.63352,JUAN B. JUSTO AV.,"8887","8887 JUSTO, JUAN B. AV.","-58,5133912","-34,63352000","10",VERSALLES,"34",I,"99",V,"166",I,"172",I,,,,,POLIDEPORTIVO VELEZ SARFIELD
-58.5199797,-34.63314,JUAN B. JUSTO AV.,"9199","9199 JUSTO, JUAN B. AV.","-58,5199797","-34,63314000","9",LINIERS,"34",I,"99",V,"166",I,"172",I,,,,,VELEZ SARFIELD
-58.4441464,-34.59451,JUAN B. JUSTO AV.,"2561","2561 JUSTO, JUAN B. AV.","-58,4441464","-34,59451000","15",VILLA CRESPO,"34",I,"166",I,,,,,,,,,AV. CORRIENTES
-58.441034,-34.59264,JUAN B. JUSTO AV.,"2234","2234 JUSTO, JUAN B. AV.","-58,441034","-34,59264000","15",VILLA CRESPO,"34",V,"166",V,,,,,,,,,AGUIRRE
-58.4406074,-34.59206,JUAN B. JUSTO AV.,"2193","2193 JUSTO, JUAN B. AV.","-58,4406074","-34,59206000","15",VILLA CRESPO,"166",I,"34",I,,,,,,,,,AGUIRRE
-58.3807064,-34.6195421,BERNARDO DE IRIGOYEN,"948","948 IRIGOYEN, BERNARDO DE","-58,3807064","-34,61954210","1",CONSTITUCION,"10",I,"17",I,,,,,,,,,ESTADOS UNIDOS
-58.381002,-34.6181253,BERNARDO DE IRIGOYEN,"848","848 IRIGOYEN, BERNARDO DE","-58,381002","-34,61812530","1",CONSTITUCION,"45",V,"70",I,,,,,,,,,INDEPENDENCIA
-58.3807903,-34.6171898,BERNARDO DE IRIGOYEN,"740","740 IRIGOYEN, BERNARDO DE","-58,3807903","-34,61718980","1",MONSERRAT,"9",I,"91",,,,,,,,,,CHILE
-58.3807995,-34.61675,BERNARDO DE IRIGOYEN,"742","742 IRIGOYEN, BERNARDO DE","-58,3807995","-34,61675000","1",MONSERRAT,"100",,"39",V,,,,,,,,,CHILE
-58.3810966,-34.6155786,BERNARDO DE IRIGOYEN,"674","674 IRIGOYEN, BERNARDO DE","-58,3810966","-34,61557860","1",MONSERRAT,"129",,,,,,,,,,,,MEXICO
-58.3808854,-34.6149469,BERNARDO DE IRIGOYEN,"574","574 IRIGOYEN, BERNARDO DE","-58,3808854","-34,61494690","1",MONSERRAT,"10",I,"17",I,,,,,,,,,VENEZUELA
-58.380902,-34.6138688,BERNARDO DE IRIGOYEN,"450","450 IRIGOYEN, BERNARDO DE","-58,380902","-34,61386880","1",MONSERRAT,"45",V,"70",I,,,,,,,,,BELGRANO
-58.3809378,-34.6134667,BERNARDO DE IRIGOYEN,"472","472 IRIGOYEN, BERNARDO DE","-58,3809378","-34,61346670","1",MONSERRAT,"100",,"39",V,,,,,,,,,BELGRANO
-58.3810163,-34.6110228,BERNARDO DE IRIGOYEN,"272","272 IRIGOYEN, BERNARDO DE","-58,3810163","-34,61102280","1",MONSERRAT,"129",,,,,,,,,,,,ALSINA
-58.3810787,-34.6105081,BERNARDO DE IRIGOYEN,"162","162 IRIGOYEN, BERNARDO DE","-58,3810787","-34,61050810","1",MONSERRAT,"9",I,"91",,,,,,,,,,YRIGOYEN
-58.3813822,-34.6099771,LIMA,"163",LIMA 163,"-58,3813822","-34,60997710","1",MONSERRAT,"9",V,"91",,,,,,,,,,YRIGOYEN
-58.3813081,-34.6110329,LIMA,"242",242 LIMA,"-58,3813081","-34,61103290","1",MONSERRAT,"129",,,,,,,,,,,,ALSINA
-58.3811866,-34.6134724,LIMA,"472",472 LIMA,"-58,3811866","-34,61347240","1",MONSERRAT,"45",I,"70",V,,,,,,,,,BELGRANO
-58.3811658,-34.6138619,LIMA,"468",468 LIMA,"-58,3811658","-34,61386190","1",MONSERRAT,"100",,"39",I,,,,,,,,,BELGRANO
-58.3811555,-34.6144856,LIMA,"556",556 LIMA,"-58,3811555","-34,61448560","1",MONSERRAT,"10",V,"17",V,,,,,,,,,VENEZUELA
-58.3808336,-34.615584,LIMA,"640",640 LIMA,"-58,3808336","-34,61558400","1",MONSERRAT,"129",,,,,,,,,,,,MEXICO
-58.3810561,-34.6167608,LIMA,"723",LIMA 723,"-58,3810561","-34,61676080","1",MONSERRAT,"9",V,"91",,,,,,,,,,CHILE
-58.3810416,-34.61712,LIMA,"793",793 LIMA,"-58,3810416","-34,61712000","1",MONSERRAT,"100",,"39",I,,,,,,,,,CHILE
-58.3807527,-34.6181053,LIMA,"844",844 LIMA,"-58,3807527","-34,61810530","1",CONSTITUCION,"45",,"70",,,,,,,,,,INDEPENDENCIA
-58.3809959,-34.61882,LIMA,"974",974 LIMA,"-58,3809959","-34,61882000","1",CONSTITUCION,"10",V,"17",V,,,,,,,,,ESTADOS UNIDOS
-58.4445549,-34.59508,JUAN B. JUSTO AV.,"2620","2620 JUSTO, JUAN B. AV.","-58,4445549","-34,59508000","15",VILLA CRESPO,"34",V,"166",V,,,,,,,,,AV. CORRIENTES
-58.4475983,-34.59689,JUAN B. JUSTO AV.,"2881","2881 JUSTO, JUAN B. AV.","-58,4475983","-34,59689000","15",VILLA CRESPO,"34",I,"166",I,,,,,,,,,MURILLO
-58.4478202,-34.59732,JUAN B. JUSTO AV.,"2920","2920 JUSTO, JUAN B. AV.","-58,4478202","-34,59732000","15",VILLA CRESPO,"34",V,"166",V,,,,,,,,,MURILLO
-58.4946841,-34.6293,JUAN B. JUSTO AV.,"7479","7479 JUSTO, JUAN B. AV.","-58,4946841","-34,62930000","10",VELEZ SARFIELD,"34",V,"99",V,"166",I,"172",I,,,,,CARRASCO
-58.4908053,-34.62678,JUAN B. JUSTO AV.,"7075","7075 JUSTO, JUAN B. AV.","-58,4908053","-34,62678000","10",FLORESTA,"34",,"166",I,,,,,,,,,AV. SEGUROLA
-58.485574,-34.6249256,JUAN B. JUSTO AV.,"6689","6689 JUSTO, JUAN B. AV.","-58,485574","-34,62492560","10",FLORESTA,"34",I,"166",I,,,,,,,,,CHIVILCOY
-58.4809275,-34.62228,JUAN B. JUSTO AV.,"6216","6216 JUSTO, JUAN B. AV.","-58,4809275","-34,62228000","11",VILLA SANTA RITA,"34",V,"53",,"166",V,,,,,,,CONCORDIA
-58.4806918,-34.6218024,JUAN B. JUSTO AV.,"6195","6195 JUSTO, JUAN B. AV.","-58,4806918","-34,62180240","11",VILLA SANTA RITA,"34",I,"166",I,,,,,,,,,CONCORDIA
-58.3808005,-34.6264662,JUAN DE GARAY AV.,"1115","1115 GARAY, JUAN DE AV.","-58,3808005","-34,62646620","1",CONSTITUCION,"61",I,"143",I,,,,,,,,,CONSTITUCION
-58.452508,-34.60057,JUAN B. JUSTO AV.,"3340","3340 JUSTO, JUAN B. AV.","-58,452508","-34,60057000","15",VILLA CRESPO,"34",V,"109",I,"166",V,,,,,,,AV. HONORIO PUEYRREDON
-58.4517743,-34.5998531,JUAN B. JUSTO AV.,"3295","3295 JUSTO, JUAN B. AV.","-58,4517743","-34,59985310","15",VILLA CRESPO,"34",I,"109",,"166",,,,,,,,AV. HONORIO PUEYRREDON
-58.4625547,-34.60713,JUAN B. JUSTO AV.,"4371",4371 JUAN B. JUSTO AV.,"-58,4625547","-34,60713000","11",VILLA GRAL MITRE,"34",I,"110",I,"166",I,,,,,,,DONATO ALVAREZ
-58.4303243,-34.58211,JUAN B. JUSTO AV.,"1045","1045 JUSTO, JUAN B. AV.","-58,4303243","-34,58211000","14",PALERMO,"166",V,"34",V,,,,,,,,,GUATEMALA
-58.4352243,-34.58586,JUAN B. JUSTO AV.,"1524","1524 JUSTO, JUAN B. AV.","-58,4352243","-34,58586000","14",PALERMO,"166",V,"34",V,,,,,,,,,HONDURAS
-58.4266209,-34.5774586,INT. BULLRICH AV.,"531","531 BULLRICH, INT. AV.","-58,4266209","-34,57745860","14",PALERMO,"166",I,"34",I,,,,,,,,,PACIFICO
-58.426498,-34.5775451,INT. BULLRICH AV.,"550","550 BULLRICH, INT. AV.","-58,426498","-34,57754510","14",PALERMO,"10",V,"160",V,"166",V,"34",I,,,,,PACIFICO
-58.4811239,-34.5987568,SAN MARTIN AV.,"4220",4220 SAN MARTIN AV.,"-58,4811239","-34,59875680","11",VILLA DEL PARQUE,"47",,"57",V,"78",I,"105",,"146",,,,EMPEDRADO
-58.4835822,-34.5977922,SAN MARTIN AV.,"4502",4502 SAN MARTIN AV.,"-58,4835822","-34,59779220","11",VILLA DEL PARQUE,"57",V,"78",I,"105",,"146",,,,,,AGRONOMIA
-58.4991931,-34.59596,SAN MARTIN AV.,"5891",5891 SAN MARTIN AV.,"-58,4991931","-34,59596000","15",AGRONOMIA,"57",I,"78",I,,,,,,,,,SOLANO LOPEZ
-58.4952314,-34.59701,SAN MARTIN AV.,"5514",5514 SAN MARTIN AV.,"-58,4952314","-34,59701000","11",VILLA DEL PARQUE,"57",V,"78",I,"105",,"146",,,,,,ROFFO
-58.4947073,-34.59685,SAN MARTIN AV.,"5471",5471 SAN MARTIN AV.,"-58,4947073","-34,59685000","15",AGRONOMIA,"57",I,"78",I,"105",,"146",,,,,,ROFFO
-58.4914977,-34.59726,SAN MARTIN AV.,"5212",5212 SAN MARTIN AV.,"-58,4914977","-34,59726000","11",VILLA DEL PARQUE,"57",V,"78",I,"105",,"146",,,,,,COMUNICACIONES
-58.4902083,-34.59715,SAN MARTIN AV.,"5133",5133 SAN MARTIN AV.,"-58,4902083","-34,59715000","15",AGRONOMIA,"57",I,"78",I,"105",,"146",,,,,,COMUNICACIONES
-58.4871933,-34.59753,SAN MARTIN AV.,"4934",4934 SAN MARTIN AV.,"-58,4871933","-34,59753000","11",VILLA DEL PARQUE,"57",V,"78",I,"105",,"146",,,,,,2 DE ABRIL
-58.4862062,-34.59745,SAN MARTIN AV.,"4835",4835 SAN MARTIN AV.,"-58,4862062","-34,59745000","15",AGRONOMIA,"57",I,"78",I,"105",,"146",,,,,,2 DE ABRIL
-58.4823396,-34.59803,SAN MARTIN AV.,"4447",4447 SAN MARTIN AV.,"-58,4823396","-34,59803000","15",AGRONOMIA,"57",I,"78",I,"105",,"146",,,,,,AGRONOMIA
-58.4803653,-34.5989382,SAN MARTIN AV.,"4187",4187 SAN MARTIN AV.,"-58,4803653","-34,59893820","15",AGRONOMIA,"47",,"57",I,"78",I,"105",,"146",,,,EMPEDRADO
-58.4704539,-34.60161,SAN MARTIN AV.,"3308",3308 SAN MARTIN AV.,"-58,4704539","-34,60161000","15",PATERNAL,"24",I,"57",V,"105",V,"146",V,,,,,ARGENTINOS JUNIOR
-58.469957,-34.60152,SAN MARTIN AV.,"3277",3277 SAN MARTIN AV.,"-58,469957","-34,60152000","15",PATERNAL,"24",,"57",I,"105",,"146",,,,,,ARGENTINOS JUNIOR
-58.4655632,-34.6026451,SAN MARTIN AV.,"2811",2811 SAN MARTIN AV.,"-58,4655632","-34,60264510","15",PATERNAL,"24",,"57",I,"105",,"109",V,"135",V,"146",,DONATO ALVAREZ
-58.4643574,-34.6030427,SAN MARTIN AV.,"2750",2750 SAN MARTIN AV.,"-58,4643574","-34,60304270","11",VILLA GRAL MITRE,"24",,"57",V,"105",,"109",,"135",I,"146",,DONATO ALVAREZ
-58.4591212,-34.6043897,SAN MARTIN AV.,"2206",2206 SAN MARTIN AV.,"-58,4591212","-34,60438970","11",VILLA GRAL MITRE,"135",I,"146",V,,,,,,,,,PAPPO NAPOLITANO
-58.4586812,-34.60478,JUAN B. JUSTO AV.,"4018","4018 JUSTO, JUAN B. AV.","-58,4586812","-34,60478000","6",CABALLITO,"34",V,"109",I,"166",V,,,,,,,AV. SAN MARTIN
-58.4631219,-34.60779,JUAN B. JUSTO AV.,"4434","4434 JUSTO, JUAN B. AV.","-58,4631219","-34,60779000","11",VILLA GRAL MITRE,"34",V,"110",V,"166",V,,,,,,,DONATO ALVAREZ
-58.4680421,-34.61153,JUAN B. JUSTO AV.,"4910","4910 JUSTO, JUAN B. AV.","-58,4680421","-34,61153000","11",VILLA GRAL MITRE,"34",,"110",V,"166",V,,,,,,,BOYACA
-58.4729713,-34.61481,JUAN B. JUSTO AV.,"5391","5391 JUSTO, JUAN B. AV.","-58,4729713","-34,61481000","11",VILLA GRAL MITRE,"34",I,"166",I,,,,,,,,,ARTIGAS
-58.4759309,-34.61779,JUAN B. JUSTO AV.,"5679","5679 JUSTO, JUAN B. AV.","-58,4759309","-34,61779000","11",VILLA SANTA RITA,"34",I,"166",I,,,,,,,,,AV. NAZCA
-58.4762177,-34.61843,JUAN B. JUSTO AV.,"5728","5728 JUSTO, JUAN B. AV.","-58,4762177","-34,61843000","11",VILLA SANTA RITA,"34",V,"166",V,,,,,,,,,AV. NAZCA
-58.4149881,-34.63671,CHICLANA AV.,"3639",3639 CHICLANA AV.,"-58,4149881","-34,63671000","5",BOEDO,"101",V,"143",I,,,,,,,,,BOEDO
-58.4300133,-34.6495013,GRAL. FRANCISCO FERNANDEZ DE LA CRUZ AV.,"1660","1660 FERNANDEZ DE LA CRUZ, F., GRAL. AV.","-58,4300133","-34,64950130","4",NUEVA POMPEYA,"101",I,"143",V,"150",V,,,,,,,PERITO MORENO
-58.4280848,-34.647427,GRAL. FRANCISCO FERNANDEZ DE LA CRUZ AV.,"1489","1489 FERNANDEZ DE LA CRUZ, F., GRAL. AV.","-58,4280848","-34,64742700","4",NUEVA POMPEYA,"101",,"143",I,"150",I,,,,,,,DEL BARCO CENTENERA
-58.4278879,-34.6476207,GRAL. FRANCISCO FERNANDEZ DE LA CRUZ AV.,"1490","1490 FERNANDEZ DE LA CRUZ, F., GRAL. AV.","-58,4278879","-34,64762070","4",NUEVA POMPEYA,"101",I,"143",V,,,,,,,,,DEL BARCO CENTENERA
-58.4250146,-34.6443772,GRAL. FRANCISCO FERNANDEZ DE LA CRUZ AV.,"1041","1041 FERNANDEZ DE LA CRUZ, F., GRAL. AV.","-58,4250146","-34,64437720","4",NUEVA POMPEYA,"23",V,"101",V,"143",I,,,,,,,AV. LA PLATA
-58.4238767,-34.6438717,GRAL. FRANCISCO FERNANDEZ DE LA CRUZ AV.,"980","980 FERNANDEZ DE LA CRUZ, F., GRAL. AV.","-58,4238767","-34,64387170","4",NUEVA POMPEYA,"23",I,"101",I,"143",V,,,,,,,AV. LA PLATA
-58.4462341,-34.56916,CABILDO AV.,"937",937 CABILDO AV.,"-58,4462341","-34,56916000","14",PALERMO,"41",I,"63",,"67",I,,,,,,,TEODORO GARCIA
-58.4445841,-34.56997,CABILDO AV.,"777",777 CABILDO AV.,"-58,4445841","-34,56997000","14",PALERMO,"68",I,"161",I,,,,,,,,,OLLEROS
-58.4409215,-34.57188,CABILDO AV.,"435",435 CABILDO AV.,"-58,4409215","-34,57188000","14",PALERMO,"41",,"152",I,,,,,,,,,JORGE NEWBERY
-58.4404747,-34.57212,CABILDO AV.,"399",399 CABILDO AV.,"-58,4404747","-34,57212000","14",PALERMO,"57",I,"194",I,,,,,,,,,MATIENZO
-58.4191441,-34.6399492,CHICLANA AV.,"3920",3920 CHICLANA AV.,"-58,4191441","-34,63994920","4",NUEVA POMPEYA,"23",I,"101",I,"143",V,,,,,,,CASEROS
-58.396326,-34.6279777,JUAN DE GARAY AV.,"2273","2273 GARAY, JUAN DE AV.","-58,396326","-34,62797770","3",SAN CRISTOBAL,"4",V,,,,,,,,,,,PICHINCHA
-58.4415768,-34.57152,CABILDO AV.,"469",469 CABILDO AV.,"-58,4415768","-34,57152000","14",PALERMO,"67",I,"41",I,,,,,,,,,JORGE NEWBERY
-58.4422356,-34.57142,CABILDO AV.,"510",510 CABILDO AV.,"-58,4422356","-34,57142000","13",COLEGIALES,"57",V,"194",V,,,,,,,,,MAURE
-58.4428976,-34.57107,CABILDO AV.,"548",548 CABILDO AV.,"-58,4428976","-34,57107000","13",COLEGIALES,"41",,"152",V,"161",V,,,,,,,MAURE
-58.4434042,-34.57081,CABILDO AV.,"588",588 CABILDO AV.,"-58,4434042","-34,57081000","13",COLEGIALES,"68",V,"60",,"67",,,,,,,,GOROSTIAGA
-58.4465499,-34.56901,CABILDO AV.,"1009",1009 CABILDO AV.,"-58,4465499","-34,56901000","14",PALERMO,"59",I,"60",,"152",,,,,,,,PALPA
-58.4473442,-34.56886,CABILDO AV.,"1110",1110 CABILDO AV.,"-58,4473442","-34,56886000","13",COLEGIALES,"68",V,"152",V,,,,,,,,,AGUILAR
-58.4479065,-34.56857,CABILDO AV.,"1178",1178 CABILDO AV.,"-58,4479065","-34,56857000","13",COLEGIALES,"41",V,"161",V,,,,,,,,,AGUILAR
-58.4483705,-34.56834,CABILDO AV.,"1212",1212 CABILDO AV.,"-58,4483705","-34,56834000","13",COLEGIALES,"68",v,"60",,,,,,,,,,CESPEDES
-58.4487805,-34.56813,CABILDO AV.,"1280",1280 CABILDO AV.,"-58,4487805","-34,56813000","13",COLEGIALES,"63",I,"67",V,,,,,,,,,CESPEDES
-58.4491382,-34.56768,CABILDO AV.,"1309",1309 CABILDO AV.,"-58,4491382","-34,56768000","13",BELGRANO,"68",I,"161",I,,,,,,,,,ZABALA
-58.4493476,-34.56756,CABILDO AV.,"1373",1373 CABILDO AV.,"-58,4493476","-34,56756000","13",BELGRANO,"41",I,"67",I,"63",V,,,,,,,ZABALA
-58.4501351,-34.56714,CABILDO AV.,"1421",1421 CABILDO AV.,"-58,4501351","-34,56714000","13",BELGRANO,"59",I,"60",,"152",,,,,,,,VIRREY LORETO
-58.4510583,-34.5669,CABILDO AV.,"1508",1508 CABILDO AV.,"-58,4510583","-34,56690000","13",COLEGIALES,"41",,"63",I,"67",V,,,,,,,VIRREY ARREDONDO
-58.4515037,-34.56665,CABILDO AV.,"1546",1546 CABILDO AV.,"-58,4515037","-34,56665000","13",COLEGIALES,"59",V,"60",,"152",V,,,,,,,VIRREY ARREDONDO
-58.4520395,-34.56637,CABILDO AV.,"1574",1574 CABILDO AV.,"-58,4520395","-34,56637000","13",COLEGIALES,"68",V,"161",V,,,,,,,,,VIRREY ARREDONDO
-58.4171076,-34.6550641,INTEDENTE FRANCISCO RABANAL AV.,"1330","1330 RABANAL, FRANCISCO, INTENDENTE AV.","-58,4171076","-34,65506410","4",NUEVA POMPEYA,"115",,"91",,,,,,,,,,SAENZ
-58.4177608,-34.6550164,INTEDENTE FRANCISCO RABANAL AV.,"1321","1321 RABANAL, FRANCISCO, INTENDENTE AV.","-58,4177608","-34,65501640","4",NUEVA POMPEYA,"76",I,"91",,"115",,,,,,,,SAENZ
-58.5072057,-34.63453,JUAN B. JUSTO AV.,"8400","8400 JUSTO, JUAN B. AV.","-58,5072057","-34,63453000","10",VILLA LURO,"34",V,"99",I,"166",V,"172",V,,,,,CORTINA
-58.5214323,-34.6335903,JUAN B. JUSTO AV.,"9241","9241 JUSTO, JUAN B. AV.","-58,5214323","-34,63359030","10",VERSALLES,"108",I,,,,,,,,,,,
-58.5218158,-34.6336846,JUAN B. JUSTO AV.,"9251","9291 JUSTO, JUAN B. AV.","-58,5218158","-34,63368460","10",VERSALLES,"99",I,,,,,,,,,,,
-58.4616481,-34.55619,CABILDO AV.,"2811",2811 CABILDO AV.,"-58,4616481","-34,55619000","13",BELGRANO,"152",I,,,,,,,,,,,UGARTE
-58.4619372,-34.55588,CABILDO AV.,"2847",2847 CABILDO AV.,"-58,4619372","-34,55588000","13",BELGRANO,"59",I,"133",I,,,,,,,,,UGARTE
-58.4621943,-34.55561,CABILDO AV.,"2897",2897 CABILDO AV.,"-58,4621943","-34,55561000","13",BELGRANO,"68",I,"161",I,,,,,,,,,UGARTE
-58.4626415,-34.55514,CABILDO AV.,"2921",2921 CABILDO AV.,"-58,4626415","-34,55514000","13",NUÑEZ,"168",I,"184",I,,,,,,,,,CONGRESO
-58.4645751,-34.55319,CABILDO AV.,"3127",3127 CABILDO AV.,"-58,4645751","-34,55319000","13",NUÑEZ,"59",I,"152",I,,,,,,,,,IBERA
-58.4648003,-34.55291,CABILDO AV.,"3161",3161 CABILDO AV.,"-58,4648003","-34,55291000","13",NUÑEZ,"68",I,"161",I,,,,,,,,,IBERA
-58.4651109,-34.55253,CABILDO AV.,"3225",3225 CABILDO AV.,"-58,4651109","-34,55253000","13",NUÑEZ,"60",I,,,,,,,,,,,IBERA
-58.4654189,-34.55215,CABILDO AV.,"3273",3273 CABILDO AV.,"-58,4654189","-34,55215000","13",NUÑEZ,"133",I,"168",I,,,,,,,,,IBERA
-58.4656801,-34.55183,CABILDO AV.,"3307",3307 CABILDO AV.,"-58,4656801","-34,55183000","13",NUÑEZ,"29",I,"184",I,,,,,,,,,CAMPO SALLES
-58.4675996,-34.5495985,CABILDO AV.,"3611",3611 CABILDO AV.,"-58,4675996","-34,54959850","13",NUÑEZ,"59",I,"152",I,,,,,,,,,NU�EZ
-58.4677541,-34.5493959,CABILDO AV.,"3631",3631 CABILDO AV.,"-58,4677541","-34,54939590","13",NUÑEZ,"60",I,"68",I,"161",I,,,,,,,NU�EZ
-58.4678816,-34.549227,CABILDO AV.,"3663",3663 CABILDO AV.,"-58,4678816","-34,54922700","13",NUÑEZ,"133",I,"168",I,"184",I,,,,,,,NU�EZ
-58.4702061,-34.5462263,CABILDO AV.,"4077",4077 CABILDO AV.,"-58,4702061","-34,54622630","13",NUÑEZ,"59",I,"152",I,,,,,,,,,VILELA
-58.4705258,-34.5457963,CABILDO AV.,"4179",4179 CABILDO AV.,"-58,4705258","-34,54579630","13",NUÑEZ,"60",I,"133",I,,,,,,,,,BESARES
-58.4721739,-34.5435398,CABILDO AV.,"4415",4415 CABILDO AV.,"-58,4721739","-34,54353980","13",NUÑEZ,"59",I,"152",I,,,,,,,,,RAMALLO
-58.4727494,-34.5427998,CABILDO AV.,"4541",4541 CABILDO AV.,"-58,4727494","-34,54279980","13",NUÑEZ,"60",I,"133",I,,,,,,,,,ARIAS
-58.4605123,-34.5577972,CABILDO AV.,"2520",2520 CABILDO AV.,"-58,4605123","-34,55779720","13",BELGRANO,"29",V,"41",V,"60",V,,,,,,,MONROE
-58.4602783,-34.5580655,CABILDO AV.,"2520",2520 CABILDO AV.,"-58,4602783","-34,55806550","13",BELGRANO,"59",,"152",V,"161",V,,,,,,,MONROE
-58.459663,-34.5586629,CABILDO AV.,"2460",2460 CABILDO AVE,"-58,459663","-34,55866290","13",BELGRANO,"68",,"168",V,"184",V,,,,,,,BLANCO ENCALADA
-58.4593279,-34.5588575,CABILDO AV.,"2427",2427 CABILDO AV,"-58,4593279","-34,55885750","13",BELGRANO,"161",I,"168",I,,,,,,,,,BLANCO ENCALADA
-58.4587462,-34.55945,CABILDO AV.,"2363",2363 CABILDO AV.,"-58,4587462","-34,55945000","13",BELGRANO,"41",I,"68",I,,,,,,,,,OLAZABAL
-58.4586443,-34.55957,CABILDO AV.,"2349",2349 CABILDO AV.,"-58,4586443","-34,55957000","13",BELGRANO,"29",I,"60",I,,,,,,,,,OLAZABAL
-58.4584228,-34.55982,CABILDO AV.,"2323",2323 CABILDO AV.,"-58,4584228","-34,55982000","13",BELGRANO,"59",I,"152",I,,,,,,,,,OLAZABAL
-58.4582894,-34.56036,CABILDO AV.,"2230",2230 CABILDO AV.,"-58,4582894","-34,56036000","13",BELGRANO,"60",V,"29",,,,,,,,,,MENDOZA
-58.4580294,-34.56066,CABILDO AV.,"2252",2252 CABILDO AV.,"-58,4580294","-34,56066000","13",BELGRANO,"41",V,"59",,"161",,,,,,,,MENDOZA
-58.4577435,-34.561,CABILDO AV.,"2210",2210 CABILDO AV.,"-58,4577435","-34,56100000","13",BELGRANO,"152",V,"68",V,,,,,,,,,MENDOZA
-58.4571723,-34.56129,CABILDO AV.,"2171",2171 CABILDO AV.,"-58,4571723","-34,56129000","13",BELGRANO,"57",I,"194",I,,,,,,,,,JURAMENTO
-58.4294952,-34.58123,JUAN B. JUSTO AV.,"955","955 JUSTO, JUAN B. AV.","-58,4294952","-34,58123000","14",PALERMO,"166",I,"34",I,,,,,,,,,GUATEMALA
-58.4344466,-34.585,JUAN B. JUSTO AV.,"1463","1463 JUSTO, JUAN B. AV.","-58,4344466","-34,58500000","14",PALERMO,"166",I,"34",I,,,,,,,,,HONDURAS
-58.4385088,-34.6561804,GRAL. FRANCISCO FERNANDEZ DE LA CRUZ AV.,"2613","2613 FERNANDEZ DE LA CRUZ, F., GRAL. AV.","-58,4385088","-34,65618040","8",VILLA SOLDATI,"76",,"150",,"101",,"23",I,"143",V,,,VARELA
-58.438053,-34.6551306,GRAL. FRANCISCO FERNANDEZ DE LA CRUZ AV.,"2587","2587 FERNANDEZ DE LA CRUZ, F., GRAL. AV.","-58,438053","-34,65513060","7",FLORES,"150",I,"143",I,"101",V,,,,,,,VARELA
-58.4346318,-34.65333,GRAL. FRANCISCO FERNANDEZ DE LA CRUZ AV.,"2248","2248 FERNANDEZ DE LA CRUZ, F., GRAL. AV.","-58,4346318","-34,65333000","8",VILLA SOLDATI,"143",V,"46",,"150",V,"101",,,,,,SAN LORENZO
-58.4342743,-34.6527126,GRAL. FRANCISCO FERNANDEZ DE LA CRUZ AV.,"2151","2151 FERNANDEZ DE LA CRUZ, F., GRAL. AV.","-58,4342743","-34,65271260","7",FLORES,"143",I,"46",,"150",I,"101",V,,,,,SAN LORENZO
-58.4318901,-34.6507473,GRAL. FRANCISCO FERNANDEZ DE LA CRUZ AV.,"1851","1851 FERNANDEZ DE LA CRUZ, F., GRAL. AV.","-58,4318901","-34,65074730","7",FLORES,"46",,"143",I,"150",I,"101",V,,,,,PERITO MORENO
-58.4429624,-34.65986,GRAL. FRANCISCO FERNANDEZ DE LA CRUZ AV.,"3036","3036 FERNANDEZ DE LA CRUZ, F., GRAL. AV.","-58,4429624","-34,65986000","8",VILLA SOLDATI,"101",I,"150",,"23",I,"143",V,,,,,LAFUENTE
-58.4425143,-34.6591933,GRAL. FRANCISCO FERNANDEZ DE LA CRUZ AV.,"2993","2993 FERNANDEZ DE LA CRUZ, F., GRAL. AV.","-58,4425143","-34,65919330","8",VILLA SOLDATI,"23",V,"76",,"101",V,"143",I,"150",,,,LAFUENTE
-58.445733,-34.6619948,GRAL. FRANCISCO FERNANDEZ DE LA CRUZ AV.,"3324","3324 FERNANDEZ DE LA CRUZ, F., GRAL. AV.","-58,445733","-34,66199480","8",VILLA SOLDATI,"101",I,"143",V,"150",V,,,,,,,MARIANO ACOSTA
-58.4452531,-34.66144,GRAL. FRANCISCO FERNANDEZ DE LA CRUZ AV.,"3259","3259 FERNANDEZ DE LA CRUZ, F., GRAL. AV.","-58,4452531","-34,66144000","8",VILLA SOLDATI,"101",,"143",I,"150",I,,,,,,,MARIANO ACOSTA
-58.4484401,-34.6638067,GRAL. FRANCISCO FERNANDEZ DE LA CRUZ AV.,"3559","3559 FERNANDEZ DE LA CRUZ, F., GRAL. AV.","-58,4484401","-34,66380670","8",VILLA SOLDATI,"101",,"143",I,"150",I,,,,,,,LAGUNA
-58.4482176,-34.6639218,GRAL. FRANCISCO FERNANDEZ DE LA CRUZ AV.,"3540","3540 FERNANDEZ DE LA CRUZ, F., GRAL. AV.","-58,4482176","-34,66392180","8",VILLA SOLDATI,"101",I,"143",V,"150",V,,,,,,,LAGUNA
-58.4570429,-34.6710808,GRAL. FRANCISCO FERNANDEZ DE LA CRUZ AV.,"4261",4261 FERNANDEZ DE LA CRUZ F GRAL AVE,"-58,4570429","-34,67108080","8",VILLA SOLDATI,"101",,"143",I,"150",I,,,,,,,CECILIA GRIERSON
-58.4566942,-34.6711487,GRAL. FRANCISCO FERNANDEZ DE LA CRUZ AV.,"4262",4262 FERNANDEZ DE LA CRUZ F GRAL AVE,"-58,4566942","-34,67114870","8",VILLA SOLDATI,"101",I,"143",V,"150",V,,,,,,,CECILIA GRIERSON
-58.4608864,-34.6744673,GRAL. FRANCISCO FERNANDEZ DE LA CRUZ AV.,"4543","4543 FERNANDEZ DE LA CRUZ, F., GRAL. AV.","-58,4608864","-34,67446730","8",VILLA LUGANO,"101",,"114",I,"143",I,"150",I,,,,,ESCALADA
-58.4603363,-34.6745479,GRAL. FRANCISCO FERNANDEZ DE LA CRUZ AV.,"4452","4452 FERNANDEZ DE LA CRUZ, F., GRAL. AV.","-58,4603363","-34,67454790","8",VILLA LUGANO,"101",I,"114",V,"143",V,"150",V,,,,,ESCALADA
-58.465848,-34.6787936,GRAL. FRANCISCO FERNANDEZ DE LA CRUZ AV.,"5351","5351 FERNANDEZ DE LA CRUZ, F., GRAL. AV.","-58,465848","-34,67879360","8",VILLA LUGANO,"101",,"114",I,"143",I,"150",I,,,,,POLA
-58.4653532,-34.6790183,GRAL. FRANCISCO FERNANDEZ DE LA CRUZ AV.,"5366","5366 FERNANDEZ DE LA CRUZ, F., GRAL. AV.","-58,4653532","-34,67901830","8",VILLA LUGANO,"101",I,"143",V,"114",V,"150",V,,,,,POLA
-58.4720906,-34.6844843,GRAL. FRANCISCO FERNANDEZ DE LA CRUZ AV.,"6091","6091 FERNANDEZ DE LA CRUZ, F., GRAL. AV.","-58,4720906","-34,68448430","8",VILLA LUGANO,"143",I,,,,,,,,,,,LISANDRO DE LA TORRE
-58.4759601,-34.6879868,GRAL. FRANCISCO FERNANDEZ DE LA CRUZ AV.,"6595","6595 FERNANDEZ DE LA CRUZ, F., GRAL. AV.","-58,4759601","-34,68798680","8",VILLA RIACHUELO,"143",I,,,,,,,,,,,PIEDRABUENA
-58.4756197,-34.68798,GRAL. FRANCISCO FERNANDEZ DE LA CRUZ AV.,"6550","6550 FERNANDEZ DE LA CRUZ, F., GRAL. AV.","-58,4756197","-34,68798000","8",VILLA RIACHUELO,"150",V,"143",V,,,,,,,,,PIEDRABUENA
-58.4705,-34.683596,GRAL. FRANCISCO FERNANDEZ DE LA CRUZ AV.,"5902","5902 FERNANDEZ DE LA CRUZ, F., GRAL. AV.","-58,4705","-34,68359600","8",VILLA LUGANO,"143",V,,,,,,,,,,,LISANDRO DE LA TORRE
-58.4603831,-34.68905,CNEL. ROCA AV.,"5821","5821 ROCA, CNEL. AV.","-58,4603831","-34,68905000","8",VILLA RIACHUELO,"115",I,"91",I,,,,,,,,,SOLDADO DE LA FRONTERA
-58.4601368,-34.6891143,CNEL. ROCA AV.,"5788","5788 ROCA, CNEL. AV.","-58,4601368","-34,68911430","8",VILLA RIACHUELO,"47",,"91",,"114",,"117",V,"150",V,"115",,SOLDADO DE LA FRONTERA
-58.46302,-34.69144,CNEL. ROCA AV.,"6083","6083 ROCA, CNEL. AV.","-58,46302","-34,69144000","8",VILLA LUGANO,"47",,"91",,"117",I,"114",,"115",,,,LISANDRO DE LA TORRE
-58.4633791,-34.6922919,CNEL. ROCA AV.,"6120","6120 ROCA, CNEL. AV.","-58,4633791","-34,69229190","8",VILLA RIACHUELO,"47",,"91",,"114",,"115",,"117",I,"150",,LISANDRO DE LA TORRE
-58.4665629,-34.694658,CNEL. ROCA AV.,"6523","6523 ROCA, CNEL. AV.","-58,4665629","-34,69465800","8",VILLA RIACHUELO,"91",,"114",I,"117",I,,,,,,,PIEDRABUENA
-58.4660844,-34.6947539,CNEL. ROCA AV.,"6522","6522 ROCA, CNEL. AV.","-58,4660844","-34,69475390","8",VILLA RIACHUELO,"91",,"101",I,"114",V,"117",V,,,,,PIEDRABUENA
-58.45575,-34.68506,CNEL. ROCA AV.,"5332","5332 ROCA, CNEL. AV.","-58,45575","-34,68506000","8",VILLA RIACHUELO,"91",V,"115",V,,,,,,,,,LARRAZABAL
-58.4559025,-34.68488,CNEL. ROCA AV.,"5331","5331 ROCA, CNEL. AV.","-58,4559025","-34,68488000","8",VILLA LUGANO,"91",I,"115",I,,,,,,,,,LARRAZABAL
-58.4512148,-34.68112,CNEL. ROCA AV.,"4708","4708 ROCA, CNEL. AV.","-58,4512148","-34,68112000","8",VILLA RIACHUELO,"91",V,"115",V,,,,,,,,,ESCALADA
-58.4514805,-34.6809,CNEL. ROCA AV.,"4709","4709 ROCA, CNEL. AV.","-58,4514805","-34,68090000","8",VILLA RIACHUELO,"91",I,"115",I,,,,,,,,,ESCALADA
-58.4485619,-34.6771885,CNEL. ROCA AV.,"4294","4294 ROCA, CNEL. AV.","-58,4485619","-34,67718850","8",VILLA SOLDATI,"91",V,"115",V,,,,,,,,,ESTADIO PARQUE ROCA
-58.4488246,-34.6771938,CNEL. ROCA AV.,"4293","4293 ROCA, CNEL. AV.","-58,4488246","-34,67719380","8",VILLA SOLDATI,"91",I,"115",I,,,,,,,,,ESTADIO PARQUE ROCA
-58.4458619,-34.67279,CNEL. ROCA AV.,"3998","3998 ROCA, CNEL. AV.","-58,4458619","-34,67279000","8",VILLA SOLDATI,"91",V,"115",V,,,,,,,,,PARQUE ROCA
-58.4459613,-34.67263,CNEL. ROCA AV.,"3997","3997 ROCA, CNEL. AV.","-58,4459613","-34,67263000","8",VILLA SOLDATI,"91",I,"115",I,,,,,,,,,PARQUE ROCA
-58.4428233,-34.6689929,CNEL. ROCA AV.,"3558","3558 ROCA, CNEL. AV.","-58,4428233","-34,66899290","8",VILLA SOLDATI,"91",V,"115",V,,,,,,,,,LACARRA
-58.443293,-34.6689401,CNEL. ROCA AV.,"3615","3615 ROCA, CNEL. AV.","-58,443293","-34,66894010","8",VILLA SOLDATI,"91",I,"115",I,,,,,,,,,LACARRA
-58.4405992,-34.66674,CNEL. ROCA AV.,"3390","3390 ROCA, CNEL. AV.","-58,4405992","-34,66674000","8",VILLA SOLDATI,"91",V,"115",V,,,,,,,,,MARIANO ACOSTA
-58.4407493,-34.66666,CNEL. ROCA AV.,"3395","3395 ROCA, CNEL. AV.","-58,4407493","-34,66666000","8",VILLA SOLDATI,"91",I,"115",I,,,,,,,,,MARIANO ACOSTA
-58.4287986,-34.6595907,INTEDENTE FRANCISCO RABANAL AV.,"2299","2299 RABANAL, FRANCISCO, INTENDENTE AV.","-58,4287986","-34,65959070","8",VILLA SOLDATI,"76",I,"91",,"115",,,,,,,,BERG
-58.429415,-34.6601007,INTEDENTE FRANCISCO RABANAL AV.,"2316","2316 RABANAL, FRANCISCO, INTENDENTE AV.","-58,429415","-34,66010070","8",VILLA SOLDATI,"76",V,"91",,"115",,,,,,,,BERG
-58.4330227,-34.6617966,INTEDENTE FRANCISCO RABANAL AV.,"2686","2686 RABANAL, FRANCISCO, INTENDENTE AV.","-58,4330227","-34,66179660","8",VILLA SOLDATI,"91",,"76",V,"115",,,,,,,,VARELA
-58.4341192,-34.6619936,INTEDENTE FRANCISCO RABANAL AV.,"2761","2761 RABANAL, FRANCISCO, INTENDENTE AV.","-58,4341192","-34,66199360","8",VILLA SOLDATI,"76",I,"91",,"115",,,,,,,,VARELA
-58.4372795,-34.66341,INTEDENTE FRANCISCO RABANAL AV.,"2971",2971 RABANAL FRANCISCO INTENDENTE AVE,"-58,4372795","-34,66341000","8",VILLA SOLDATI,"91",I,"115",I,,,,,,,,,LAFUENTE
-58.4376593,-34.6639977,INTEDENTE FRANCISCO RABANAL AV.,"3050","3050 RABANAL, FRANCISCO, INTENDENTE AV.","-58,4376593","-34,66399770","8",VILLA SOLDATI,"76",V,"91",,"115",,,,,,,,LAFUENTE
-58.4690825,-34.54805,CABILDO AV.,"3818",3818 CABILDO AV.,"-58,4690825","-34,54805000","12",SAAVEDRA,"59",V,"60",V,,,,,,,,,MANZANARES
-58.4695874,-34.54742,CABILDO AV.,"3902",3902 CABILDO AV.,"-58,4695874","-34,54742000","12",SAAVEDRA,"161",V,"168",V,"184",V,,,,,,,PAROISSIEN
-58.469734,-34.54723,CABILDO AV.,"3950",3950 CABILDO AV.,"-58,469734","-34,54723000","12",SAAVEDRA,"57",V,"194",V,,,,,,,,,PAROISSIEN
-58.4712807,-34.5450502,CABILDO AV.,"4212",4212 CABILDO AV.,"-58,4712807","-34,54505020","12",SAAVEDRA,"59",V,"60",V,,,,,,,,,RUIZ HUIDOBRO
-58.4715335,-34.5447035,CABILDO AV.,"4280",4280 CABILDO AV.,"-58,4715335","-34,54470350","12",SAAVEDRA,"68",V,"152",V,,,,,,,,,RUIZ HUIDOBRO
-58.4717826,-34.5443635,CABILDO AV.,"4318",4318 CABILDO AV.,"-58,4717826","-34,54436350","12",SAAVEDRA,"161",V,"168",V,,,,,,,,,CORREA
-58.4724452,-34.5431698,CABILDO AV.,"4473",4473 CABILDO AV.,"-58,4724452","-34,54316980","13",NUÑEZ,"68",I,"161",I,,,,,,,,,RAMALLO
-58.4729815,-34.5424798,CABILDO AV.,"4571",4571 CABILDO AV.,"-58,4729815","-34,54247980","13",NUÑEZ,"168",I,"184",I,,,,,,,,,ARIAS
-58.4734199,-34.5421206,CABILDO AV.,"4650",4650 CABILDO AV.,"-58,4734199","-34,54212060","12",SAAVEDRA,"59",V,"60",V,,,,,,,,,DEHEZA
-58.4739978,-34.5413454,CABILDO AV.,"4710",4710 CABILDO AV.,"-58,4739978","-34,54134540","12",SAAVEDRA,"161",V,"168",V,,,,,,,,,PICO
-58.4755223,-34.53955,CABILDO AV.,"4994",4994 CABILDO AV.,"-58,4755223","-34,53955000","12",SAAVEDRA,"60",V,"168",V,,,,,,,,,GRAL PAZ
-58.3689363,-34.6164573,PASEO COLON AV.,"750",750 PASEO COLON AV.,"-58,3689363","-34,61645730","1",SAN TELMO,"29",I,"62",I,,,,,,,,,AV. INDEPENDENCIA
-58.3693002,-34.6117092,PASEO COLON AV.,"356",356 PASEO COLON AV.,"-58,3693002","-34,61170920","1",MONSERRAT,"62",I,"152",I,,,,,,,,,AV. BELGRANO
-58.3693295,-34.6114144,PASEO COLON AV.,"306",306 PASEO COLON AV.,"-58,3693295","-34,61141440","1",MONSERRAT,"33",V,"130",I,"143",V,,,,,,,AV. BELGRANO
-58.3693495,-34.6105316,PASEO COLON AV.,"216",216 PASEO COLON AV.,"-58,3693495","-34,61053160","1",MONSERRAT,"29",I,"64",I,"93",V,,,,,,,MORENO
-58.3693528,-34.6101311,PASEO COLON AV.,"200",200 PASEO COLON AVE,"-58,3693528","-34,61013110","1",MONSERRAT,"74",V,"159",V,,,,,,,,,MORENO
-58.369537,-34.609859,PASEO COLON AV.,"190",190 PASEO COLON AV.,"-58,369537","-34,60985900","1",MONSERRAT,"195",I,,,,,,,,,,,ALSINA
-58.3693607,-34.6096822,PASEO COLON AV.,"190",190 PASEO COLON AVE,"-58,3693607","-34,60968220","1",MONSERRAT,"195",V,,,,,,,,,,,ALSINA
-58.3695134,-34.6104797,PASEO COLON AV.,"239",239 PASEO COLON AV.,"-58,3695134","-34,61047970","1",MONSERRAT,"74",,"143",I,"159",I,,,,,,,MORENO
-58.3694991,-34.6109546,PASEO COLON AV.,"285",285 PASEO COLON AV.,"-58,3694991","-34,61095460","1",MONSERRAT,"8",,"33",I,"86",V,,,,,,,MORENO
-58.3694837,-34.6117146,PASEO COLON AV.,"329",329 PASEO COLON AV.,"-58,3694837","-34,61171460","1",MONSERRAT,"61",I,"111",V,"152",V,,,,,,,AV. BELGRANO
-58.3693588,-34.613906,PASEO COLON AV.,"523",523 PASEO COLON AV.,"-58,3693588","-34,61390600","1",MONSERRAT,"159",I,,,,,,,,,,,MEXICO
-58.3693111,-34.616419,PASEO COLON AV.,"725",725 PASEO COLON AV.,"-58,3693111","-34,61641900","1",MONSERRAT,"61",I,"152",V,,,,,,,,,AV. INDEPENDENCIA
-58.3731087,-34.5947224,LEANDRO N. ALEM AV.,"1112","1112 ALEM, LEANDRO N. AV.","-58,3731087","-34,59472240","1",PARQUE AVELLANEDA,"33",I,"7",I,"143",I,,,,,,,RICARDO ROJAS
-58.3728887,-34.59518,LEANDRO N. ALEM AV.,"1078","1078 ALEM, LEANDRO N. AV.","-58,3728887","-34,59518000","1",PARQUE AVELLANEDA,"91",I,"93",I,"130",V,,,,,,,MARCELO T. DE ALVEAR
-58.3725389,-34.5958736,LEANDRO N. ALEM AV.,"1012","1012 ALEM, LEANDRO N. AV.","-58,3725389","-34,59587360","1",PARQUE AVELLANEDA,"5",V,"9",I,"45",I,,,,,,,MARCELO T. DE ALVEAR
-58.3722368,-34.596542,LEANDRO N. ALEM AV.,"944","944 ALEM, LEANDRO N. AV.","-58,3722368","-34,59654200","1",RETIRO,"26",I,"132",V,,,,,,,,,PARAGUAY
-58.3720822,-34.5969102,LEANDRO N. ALEM AV.,"906","906 ALEM, LEANDRO N. AV.","-58,3720822","-34,59691020","1",RETIRO,"6",I,"23",V,"115",,,,,,,,PARAGUAY
-58.3717092,-34.5976011,LEANDRO N. ALEM AV.,"898","898 ALEM, LEANDRO N. AV.","-58,3717092","-34,59760110","1",PARQUE AVELLANEDA,"61",I,"152",V,,,,,,,,,AV. CORDOBA
-58.3715457,-34.5979038,LEANDRO N. ALEM AV.,"852","852 ALEM, LEANDRO N. AV.","-58,3715457","-34,59790380","1",RETIRO,"22",I,"28",,"126",I,,,,,,,AV. CORDOBA
-58.3713789,-34.5981797,LEANDRO N. ALEM AV.,"822","822 ALEM, LEANDRO N. AV.","-58,3713789","-34,59817970","1",RETIRO,"50",I,"56",I,,,,,,,,,AV. CORDOBA
-58.370493,-34.6014233,LEANDRO N. ALEM AV.,"592","592 ALEM, LEANDRO N. AV.","-58,370493","-34,60142330","1",RETIRO,"7",I,"33",I,"143",I,,,,,,,LAVALLE
-58.3704031,-34.6024004,LEANDRO N. ALEM AV.,"456","456 ALEM, LEANDRO N. AV.","-58,3704031","-34,60240040","1",SAN NICOLAS,"93",I,"130",V,,,,,,,,,AV. CORRIENTES
-58.3703658,-34.602796,LEANDRO N. ALEM AV.,"420","420 ALEM, LEANDRO N. AV.","-58,3703658","-34,60279600","1",SAN NICOLAS,"61",I,"152",V,,,,,,,,,AV. CORRIENTES
-58.3703454,-34.6034797,LEANDRO N. ALEM AV.,"380","380 ALEM, LEANDRO N. AV.","-58,3703454","-34,60347970","1",SAN NICOLAS,"28",I,"91",,"126",,,,,,,,SARMIENTO
-58.3702975,-34.6039958,LEANDRO N. ALEM AV.,"312","312 ALEM, LEANDRO N. AV.","-58,3702975","-34,60399580","1",SAN NICOLAS,"22",I,"50",I,"56",I,,,,,,,SARMIENTO
-58.3699948,-34.6049294,LEANDRO N. ALEM AV.,"233","233 ALEM, LEANDRO N. AV.","-58,3699948","-34,60492940","1",SAN NICOLAS,"22",V,"28",,"126",V,,,,,,,PERON
-58.370034,-34.6045729,LEANDRO N. ALEM AV.,"285","285 ALEM, LEANDRO N. AV.","-58,370034","-34,60457290","1",SAN NICOLAS,"7",V,"33",V,"143",V,,,,,,,PERON
-58.3701166,-34.6037172,LEANDRO N. ALEM AV.,"343","343 ALEM, LEANDRO N. AV.","-58,3701166","-34,60371720","1",SAN NICOLAS,"62",I,"93",,"130",,,,,,,,SARMIENTO
-58.3701474,-34.6033165,LEANDRO N. ALEM AV.,"379","379 ALEM, LEANDRO N. AV.","-58,3701474","-34,60331650","1",SAN NICOLAS,"56",V,"91",,"152",,,,,,,,SARMIENTO
-58.3706113,-34.6000747,LEANDRO N. ALEM AV.,"692","692 ALEM, LEANDRO N. AV.","-58,3706113","-34,60007470","1",BARRACAS,"6",,"26",V,"50",V,,,,,,,TUCUMAN
-58.3708354,-34.5991523,LEANDRO N. ALEM AV.,"769","769 ALEM, LEANDRO N. AV.","-58,3708354","-34,59915230","1",SAN NICOLAS,"93",V,"130",I,,,,,,,,,VIAMONTE
-58.3709321,-34.5987227,LEANDRO N. ALEM AV.,"771","771 ALEM, LEANDRO N. AV.","-58,3709321","-34,59872270","1",BARRACAS,"23",I,"115",V,,,,,,,,,VIAMONTE
-58.3712086,-34.5980735,LEANDRO N. ALEM AV.,"825","825 ALEM, LEANDRO N. AV.","-58,3712086","-34,59807350","1",BARRACAS,"62",I,"152",I,,,,,,,,,AV. CORDOBA
-58.3714231,-34.5976324,LEANDRO N. ALEM AV.,"887","887 ALEM, LEANDRO N. AV.","-58,3714231","-34,59763240","1",BARRACAS,"33",V,"143",V,,,,,,,,,AV. CORDOBA
-58.3715601,-34.5973563,LEANDRO N. ALEM AV.,"899","899 ALEM, LEANDRO N. AV.","-58,3715601","-34,59735630","1",RETIRO,"7",V,"22",V,,,,,,,,,AV. CORDOBA
-58.3718604,-34.59671,LEANDRO N. ALEM AV.,"945","945 ALEM, LEANDRO N. AV.","-58,3718604","-34,59671000","1",RETIRO,"28",V,"91",,"126",V,,,,,,,PARAGUAY
-58.3720495,-34.5963758,LEANDRO N. ALEM AV.,"1017","1017 ALEM, LEANDRO N. AV.","-58,3720495","-34,59637580","1",RETIRO,"56",V,"132",I,,,,,,,,,MARCELO T. DE ALVEAR
-58.467682,-34.61109,JUAN B. JUSTO AV.,,"4875 JUSTO, JUAN B. AV.","-58,467682","-34,61109000","11",SAAVEDRA,"166",I,"34",I,,,,,,,,,BOYACA
-58.4582385,-34.60418,JUAN B. JUSTO AV.,,"3975 JUSTO, JUAN B. AV.","-58,4582385","-34,60418000","15",VILLA GRAL MITRE,"166",I,"34",I,"110",,,,,,,,AV. SAN MARTIN
-58.4724213,-34.61432,JUAN B. JUSTO AV.,,"5322 JUSTO, JUAN B. AV.","-58,4724213","-34,61432000","11",VILLA CRESPO,"166",V,"34",V,,,,,,,,,ARTIGAS
-58.4547708,-34.56446,CABILDO AV.,"1842",1842 CABILDO AV.,"-58,4547708","-34,56446000","13",CHACARITA,"44",V,"63",I,"65",V,,,,,,,LA PAMPA
-58.4553646,-34.56339,CABILDO AV.,"1945",1945 CABILDO AV.,"-58,4553646","-34,56339000","13",BELGRANO,"41",I,"152",I,"59",I,,,,,,,SUCRE
-58.37055,-34.6002616,LEANDRO N. ALEM AV.,"555","Alem, Leandro N. Av. 555","-58,37055","-34,60026160","1",SAN NICOLAS,"195",V,,,,,,,,,,,LAVALLE
-58.4608631,-34.557004,CABILDO AV.,"2686",CABILDO AV.2686,"-58,4608631","-34,55700400","13",BELGRANO,"41",I,"60",I,,,,,,,,,ROOSEVELT
-58.4612061,-34.5565946,CABILDO AV.,"2783",2783 CABILDO AV.,"-58,4612061","-34,55659460","13",BELGRANO,"57",I,"194",I,,,,,,,,,UGARTE
-58.4759951,-34.5387657,CABILDO AV.,"5090",,"-58,4759951","-34,53876570","12",SAAVEDRA,"152",V,"161",V,,,,,,,,,PUENTE SAAVEDRA
-58.4755663,-34.538727,CABILDO AV.,"5000",CABILDO AV. 5000,"-58,4755663","-34,53872700","13",NUÑEZ,"68",,"133",I,"151",I,,,,,,,PUENTE SAAVEDRA
-58.4754503,-34.5389409,CABILDO AV.,"5000",CABILDO AV. 5000,"-58,4754503","-34,53894090","13",NUÑEZ,"21",,"59",I,"60",I,"168",,,,,,PUENTE SAAVEDRA
-58.4555204,-34.5632014,CABILDO AV.,"1971",CABILDO AV. 1971,"-58,4555204","-34,56320140","13",BELGRANO,"184",I,"168",I,"67",I,"63",V,,,,,SUCRE
-58.45524,-34.56356,CABILDO AV.,"1937",CABILDO AV. 1937,"-58,45524","-34,56356000","13",BELGRANO,"68",,"161",,,,,,,,,,SUCRE
-58.4549589,-34.5642664,CABILDO AV.,"1850",CABILDO AV. 1850,"-58,4549589","-34,56426640","13",BELGRANO,"80",I,"168",V,"184",V,,,,,,,LA PAMPA
-58.4528504,-34.5659335,CABILDO AV.,"1616",,"-58,4528504","-34,56593350","13",BELGRANO,"57",V,"194",V,,,,,,,,,VIRREY DEL PINO
-58.3705125,-34.60115,LEANDRO N. ALEM AV.,"550","Alem, Leandro N. Av. 550","-58,3705125","-34,60115000","1",SAN NICOLAS,"195",I,,,,,,,,,,,LAVALLE
-58.470688,-34.545645,CABILDO AV.,"4125",CABILDO AV. 4125,"-58,470688","-34,54564500","13",NUÑEZ,"161",I,"68",I,,,,,,,,,BESARES
-58.3689749,-34.6160662,PASEO COLON AV.,"728",,"-58,3689749","-34,61606620","1",SAN TELMO,"152",I,,,,,,,,,,,AV. INDEPENDENCIA
-58.5015198,-34.6324567,JUAN B. JUSTO AV.,"8060",JUAN B. JUSTO AV. 8060,"-58,5015198","-34,63245670","10",VILLA LURO,"166",V,"34",V,,,,,,,,,AV. LOPE DE VEGA
-58.5006301,-34.6319984,JUAN B. JUSTO AV.,"7931","79318 JUSTO, JUAN B. AV.","-58,5006301","-34,63199840","10",VELEZ SARFIELD,"99",V,"172",I,,,,,,,,,AV. LOPE DE VEGA
-58.3956603,-34.630281,BRASIL,"2204",BRASIL 2204,"-58,3956603","-34,63028100","4",PARQUE PATRICIOS,"6",V,"97",,,,,,,,,,GARRAHAN
-58.4596389,-34.604281,SAN MARTIN AV.,"2222",2222  SAN MARTIN AV.,"-58,4596389","-34,60428100","11",VILLA GRAL MITRE,"24",I,"57",V,"105",V,,,,,,,PAPPO NAPOLITANO
-58.3806478,-34.6264302,JUAN DE GARAY AV.,"1120",JUAN DE GARAY AV. 1120,"-58,3806478","-34,62643020","1",CONSTITUCION,"60",,,,,,,,,,,,CONSTITUCION
-58.4386626,-34.58959471,JUAN B. JUSTO AV.,"1953","JUSTO, JUAN B. AV. 1953","-58,4386626","-34,58959471","15",VILLA CRESPO,"166",I,"34",V,,,,,,,,,AV. CORDOBA
-58.4378938,-34.5881753,JUAN B. JUSTO AV.,"1824","JUSTO, JUAN B. AV. 1824","-58,4378938","-34,5881753","14",PALERMO,"166",V,"34",V,,,,,,,,,AV. CORDOBA
-58.441161,-34.571746,CABILDO AV.,"449",449 CABILDO AV.,"-58,441161","-34,57174600","14",PALERMO,"60",,"161",I,,,,,,,,,JORGE NEWBERY
-58.3807948,-34.6188088,BERNARDO DE IRIGOYEN,"970","970 IRIGOYEN, BERNARDO DE","-58,3807948","-34,61880880","1",CONSTITUCION,"59",V,"126",V,,,,,,,,,ESTADOS UNIDOS
-58.3809127,-34.6159881,BERNARDO DE IRIGOYEN,"664","664 IRIGOYEN, BERNARDO DE","-58,3809127","-34,61598810","1",MONSERRAT,"67",V,"98",,"28",,,,,,,,MEXICO
-58.3808917,-34.61449,BERNARDO DE IRIGOYEN,"580","580 IRIGOYEN, BERNARDO DE","-58,3808917","-34,61449000","1",MONSERRAT,"59",V,"126",V,,,,,,,,,VENEZUELA
-58.3811099,-34.60994,BERNARDO DE IRIGOYEN,"172","172 IRIGOYEN, BERNARDO DE","-58,3811099","-34,60994000","1",MONSERRAT,"67",V,"98",,"28",,,,,,,,YRIGOYEN
-58.3813248,-34.6104803,LIMA,"152",152 LIMA,"-58,3813248","-34,61048030","1",MONSERRAT,"67",I,"28",,,,,,,,,,YRIGOYEN
-58.3811351,-34.6149718,LIMA,"572",572 LIMA,"-58,3811351","-34,61497180","1",MONSERRAT,"59",,,,,,,,,,,,VENEZUELA
-58.3810865,-34.6160023,LIMA,"628",628 LIMA,"-58,3810865","-34,61600230","1",MONSERRAT,"67",,"28",,,,,,,,,,MEXICO
-58.3809584,-34.61945,LIMA,"948",948 LIMA,"-58,3809584","-34,61945000","1",CONSTITUCION,"59",,,,,,,,,,,,ESTADOS UNIDOS
-58.3690585,-34.6154855,PASEO COLON AV.,"630",630 PASEO COLON AV.,"-58,3690585","-34,61548550","1",SAN TELMO,"33",V,"143",V,"129",V,,,,,,,CHILE
-58.3691053,-34.6150389,PASEO COLON AV.,"610",610 PASEO COLON AVE,"-58,3691053","-34,61503890","1",MONSERRAT,"64",I,"130",I,"22",V,,,,,,,CHILE
-58.3691248,-34.6143446,PASEO COLON AV.,"584",584 PASEO COLON AVE,"-58,3691248","-34,61434460","1",MONSERRAT,"74",V,"93",V,"24",V,"126",V,,,,,MEXICO
-58.3691672,-34.6138616,PASEO COLON AV.,"524",524 PASEO COLON AV.,"-58,3691672","-34,61386160","1",MONSERRAT,"159",V,"8",I,"86",I,,,,,,,MEXICO
-58.3694549,-34.6120453,PASEO COLON AV.,"355",355 PASEO COLON AV.,"-58,3694549","-34,61204530","1",MONSERRAT,"64",,"93",I,"130",V,"29",V,,,,,AV. BELGRANO
-58.3693243,-34.614499,PASEO COLON AV.,"567",567 PASEO COLON AV.,"-58,3693243","-34,61449900","1",MONSERRAT,"33",I,"143",I,"129",I,,,,,,,MEXICO
-58.3692885,-34.6152798,PASEO COLON AV.,"667",667 PASEO COLON AV.,"-58,3692885","-34,61527980","1",MONSERRAT,"8",V,"86",V,"22",I,,,,,,,CHILE
-58.3692747,-34.6155726,PASEO COLON AV.,"669",669 PASEO COLON AV.,"-58,3692747","-34,61557260","1",MONSERRAT,"74",I,"93",I,"24",I,"126",I,,,,,CHILE
-58.3693066,-34.6168527,PASEO COLON AV.,"797",797 PASEO COLON AV.,"-58,3693066","-34,61685270","1",SAN TELMO,"64",V,"130",V,"29",V,,,,,,,AV. INDEPENDENCIA
-58.3816512,-34.60571,CERRITO,"251",251 CERRITO,"-58,3816512","-34,60571000","1",SAN NICOLAS,"9",V,"67",I,"28",,,,,,,,OBELSCO SUR
-58.3815296,-34.6070578,CERRITO,"135",135 CERRITO,"-58,3815296","-34,60705780","1",SAN NICOLAS,"100",,"39",I,"91",,,,,,,,PERON
-58.3814746,-34.6082339,CERRITO,"21",21 CERRITO,"-58,3814746","-34,60823390","1",SAN NICOLAS,"59",I,"126",I,,,,,,,,,MITRE
-58.368488,-34.618793,PASEO COLON AV.,"920",920 PASEO COLON AV.,"-58,368488","-34,61879300","1",SAN TELMO,"8",I,"86",I,"159",V,,,,,,,
-58.368473,-34.618932,PASEO COLON AV.,"950",950 PASEO COLON AV.,"-58,368473","-34,61893200","1",SAN TELMO,"195",V,,,,,,,,,,,
-58.36909416,-34.61860406,PASEO COLON AV.,"921",921 PASEO COLON AV.,"-58,36909416","-34,61860406","1",SAN TELMO,"33",I,"129",I,,,,,,,,,
-58.369056,-34.618793,PASEO COLON AV.,"951",951 PASEO COLON AV.,"-58,369056","-34,61879300","1",SAN TELMO,"195",I,,,,,,,,,,,
-58.368401,-34.619681,PASEO COLON AV.,"1020",1020 PASEO COLON AV.,"-58,368401","-34,61968100","1",SAN TELMO,"143",V,"62",I,"29",I,,,,,,,
-58.368366,-34.620018,PASEO COLON AV.,"1050",1050 PASEO COLON AV.,"-58,368366","-34,62001800","1",SAN TELMO,"130",I,"24",V,"22",I,,,,,,,
-58.368693,-34.619687,PASEO COLON AV.,"1021",1021 PASEO COLON AV.,"-58,368693","-34,61968700","1",SAN TELMO,"143",I,"159",I,,,,,,,,,
-58.368607,-34.620001,PASEO COLON AV.,"1051",1051 PASEO COLON AV.,"-58,368607","-34,62000100","1",SAN TELMO,"8",V,"22",V,"86",V,,,,,,,
-58.368618,-34.620159,PASEO COLON AV.,"1071",1071 PASEO COLON AV.,"-58,368618","-34,62015900","1",SAN TELMO,"24",V,"74",I,"93",I,,,,,,,
-58.368253,-34.620875,PASEO COLON AV.,"1120",1120 PASEO COLON AV.,"-58,368253","-34,62087500","1",SAN TELMO,"93",V,"74",V,"33",V,,,,,,,
-58.368242,-34.621113,PASEO COLON AV.,"1150",1150 PASEO COLON AV.,"-58,368242","-34,62111300","1",SAN TELMO,"64",I,"129",V,"152",I,"126",V,,,,,
-58.368462,-34.620861,PASEO COLON AV.,"1121",1121 PASEO COLON AV.,"-58,368462","-34,62086100","1",SAN TELMO,"61",I,"152",V,,,,,,,,,
-58.368441,-34.621135,PASEO COLON AV.,"1151",1151 PASEO COLON AV.,"-58,368441","-34,62113500","1",SAN TELMO,"29",V,"64",V,"130",V,,,,,,,
-58.368269,-34.623356,PASEO COLON AV.,"1351",1351 PASEO COLON AV.,"-58,368269","-34,62335600","1",SAN TELMO,"33",I,"129",I,,,,,,,,,
-58.367713,-34.624305,PASEO COLON AV.,"1420",1420 PASEO COLON AV.,"-58,367713","-34,62430500","1",SAN TELMO,"143",V,"62",I,"29",I,,,,,,,
-58.36774152,-34.62469791,PASEO COLON AV.,"1450",1450 PASEO COLON AV.,"-58,36774152","-34,62469791","1",SAN TELMO,"24",V,"22",I,"4",,,,,,,,
-58.367842,-34.625406,PASEO COLON AV.,"1520",1520 PASEO COLON AV.,"-58,367842","-34,62540600","1",SAN TELMO,"93",V,"74",V,"33",V,,,,,,,
-58.367845,-34.626035,PASEO COLON AV.,"1550",1550 PASEO COLON AV.,"-58,367845","-34,62603500","1",SAN TELMO,"152",I,"86",I,"64",I,,,,,,,
-58.367878,-34.626344,PASEO COLON AV.,"1570",1570 PASEO COLON AV.,"-58,367878","-34,62634400","1",SAN TELMO,"159",V,"129",V,,,,,,,,,
-58.368022,-34.625523,PASEO COLON AV.,"1521",1521 PASEO COLON AV.,"-58,368022","-34,62552300","1",SAN TELMO,"29",V,"159",I,,,,,,,,,
-58.368017,-34.626084,PASEO COLON AV.,"1551",1551 PASEO COLON AV.,"-58,368017","-34,62608400","1",SAN TELMO,"64",V,"86",V,"152",V,,,,,,,
-58.368006,-34.626622,PASEO COLON AV.,"1571",1571 PASEO COLON AV.,"-58,368006","-34,62662200","1",SAN TELMO,"74",I,"93",I,,,,,,,,,
-58.367224,-34.627931,ALMTE. BROWN AV.,"121",121 ALMTE. BROWN AV.,"-58,367224","-34,62793100","4",LA BOCA,"33",I,"129",I,,,,,,,,,
-58.367003,-34.627999,ALMTE. BROWN AV.,"151",151 ALMTE. BROWN AV.,"-58,367003","-34,62799900","4",LA BOCA,"159",I,"168",V,,,,,,,,,
-58.366333,-34.628573,ALMTE. BROWN AV.,"221",221 ALMTE. BROWN AV.,"-58,366333","-34,62857300","4",LA BOCA,"25",I,"29",V,"53",V,,,,,,,
-58.366162,-34.628681,ALMTE. BROWN AV.,"251",251 ALMTE. BROWN AV.,"-58,366162","-34,62868100","4",LA BOCA,"64",V,"86",V,"152",V,,,,,,,
-58.365235,-34.628981,ALMTE. BROWN AV.,"320",320 ALMTE. BROWN AV.,"-58,365235","-34,62898100","4",LA BOCA,"53",I,"33",V,"29",I,,,,,,,
-58.365126,-34.629023,ALMTE. BROWN AV.,"350",350 ALMTE. BROWN AV.,"-58,365126","-34,62902300","4",LA BOCA,"152",I,"86",I,"64",I,,,,,,,
-58.36489,-34.629196,ALMTE. BROWN AV.,"370",370 ALMTE. BROWN AV.,"-58,36489","-34,62919600","4",LA BOCA,"168",I,"159",V,"129",V,,,,,,,
-58.363709,-34.630273,ALMTE. BROWN AV.,"551",551 ALMTE. BROWN AV.,"-58,363709","-34,63027300","4",LA BOCA,"33",I,"129",I,"159",I,,,,,,,
-58.363218,-34.630646,ALMTE. BROWN AV.,"621",621 ALMTE. BROWN AV.,"-58,363218","-34,63064600","4",LA BOCA,"25",I,"29",V,"53",V,,,,,,,
-58.362991,-34.630796,ALMTE. BROWN AV.,"651",651 ALMTE. BROWN AV.,"-58,362991","-34,63079600","4",LA BOCA,"64",V,"86",V,"152",V,,,,,,,
-58.361767,-34.630988,ALMTE. BROWN AV.,"720",720 ALMTE. BROWN AV.,"-58,361767","-34,63098800","4",LA BOCA,"53",I,"33",V,"29",I,,,,,,,
-58.361418,-34.631256,ALMTE. BROWN AV.,"750",750 ALMTE. BROWN AV.,"-58,361418","-34,63125600","4",LA BOCA,"152",I,"86",I,"64",I,,,,,,,
-58.361269,-34.631557,ALMTE. BROWN AV.,"770",770 ALMTE. BROWN AV.,"-58,361269","-34,63155700","4",LA BOCA,"159",V,"129",V,,,,,,,,,
-58.469807,-34.633667,JUAN BAUTISTA ALBERDI AV.,"2991",2991 JUAN BAUTISTA ALBERDI AV.,"-58,469807","-34,63366700","7",FLORES,"88",I,"126",,"180",,,,,,,,QUIRNO
-58.474109,-34.635101,JUAN BAUTISTA ALBERDI AV.,"3391",3391 JUAN BAUTISTA ALBERDI AV.,"-58,474109","-34,63510100","10",FLORESTA,"55",,"88",I,"126",,"180",,,,,,AZUL
-58.478406,-34.636907,JUAN BAUTISTA ALBERDI AV.,"3791",3791 JUAN BAUTISTA ALBERDI AV.,"-58,478406","-34,63690700","10",FLORESTA,"55",,"88",I,"126",,"180",,,,,,MARIANO ACOSTA
-58.482714,-34.638866,JUAN BAUTISTA ALBERDI AV.,"4091",4091 JUAN BAUTISTA ALBERDI AV.,"-58,482714","-34,63886600","10",VELEZ SARFIELD,"4",,"55",,"88",I,"126",,"180",,,,LACARRA
-58.487483,-34.641113,JUAN BAUTISTA ALBERDI AV.,"4391",4391 JUAN BAUTISTA ALBERDI AV.,"-58,487483","-34,64111300","10",VELEZ SARFIELD,"4",,"49",,"55",,"88",I,,,,,MEDINA
-58.487375,-34.641073,JUAN BAUTISTA ALBERDI AV.,"4371",4371 JUAN BAUTISTA ALBERDI AV.,"-58,487375","-34,64107300","10",VELEZ SARFIELD,"92",,"126",,"180",,,,,,,,MEDINA
-58.493346,-34.64392,JUAN BAUTISTA ALBERDI AV.,"4791",4791 JUAN BAUTISTA ALBERDI AV.,"-58,493346","-34,64392000","10",VILLA LURO,"4",,"49",,"55",,"88",I,,,,,WHITE
-58.493212,-34.643858,JUAN BAUTISTA ALBERDI AV.,"4791",4791 JUAN BAUTISTA ALBERDI AV.,"-58,493212","-34,64385800","10",VILLA LURO,"92",,"126",,"180",,,,,,,,WHITE
-58.467822,-34.635605,DIRECTORIO AV.,"2910",2910 DIRECTORIO AV.,"-58,467822","-34,63560500","7",FLORES,"88",V,"126",,"180",,,,,,,,SAN PEDRITO
-58.472682,-34.637061,DIRECTORIO AV.,"3310",3310 DIRECTORIO AV.,"-58,472682","-34,63706100","10",FLORESTA,"55",,"88",V,"126",,"180",,,,,,PERGAMINO
-58.47625,-34.639034,DIRECTORIO AV.,"3710",3710 DIRECTORIO AV.,"-58,47625","-34,63903400","9",PARQUE AVELLANEDA,"55",,"88",V,"126",,"180",,,,,,MARIANO ACOSTA
-58.492096,-34.645663,BRUIX AV.,"4720",4720 BRUIX AV.,"-58,492096","-34,64566300","9",PARQUE AVELLANEDA,"4",,"88",,"180",,,,,,,,TAPALQUE
-58.490857,-34.64599,BRUIX AV.,"4680",4680 BRUIX AV.,"-58,490857","-34,64599000","9",PARQUE AVELLANEDA,"55",,"92",,"126",,,,,,,,RODO
-58.488904,-34.646493,BRUIX AV.,"4560",4560 BRUIX AV.,"-58,488904","-34,64649300","9",PARQUE AVELLANEDA,"4",,"88",V,"180",,,,,,,,CHASCOMUS
-58.48722,-34.64696,BRUIX AV.,"4440",4440 BRUIX AV.,"-58,48722","-34,64696000","9",PARQUE AVELLANEDA,"55",,"92",,"126",,,,,,,,DIRECTORIO
